{
	"name":"Xbox",
	"version":"1.0",
	"interface":{
		"primary":"#369927",
		"primaryAlt":"#3ba734",
		"primaryAlt2":"#3b8636",
		"primaryAlt3":"#3ba734",
		"primaryAlt4":"#37ae31",
		"primaryContrast":"#fff",
		"secondary":"#136d0d",
		"secondaryAlt":"#0e520a",
		"secondaryAlt2":"#166211",
		"secondaryAlt3":"#666",
		"secondaryContrast":"#fff",
		"neutralPrimary":"#222",
		"neutralPrimaryAlt":"#136d0d",
		"neutralPrimaryAlt2":"#141414",
		"neutralPrimaryAlt3":"#c8c8c8",
		"neutralPrimaryContrast":"#fff",
		"neutralSecondary":"#fff",
		"neutralSecondaryAlt":"#eaeaea",
		"neutralSecondaryAlt2":"#b7b7b7",
		"neutralSecondaryAlt3":"#acacac",
		"neutralSecondaryContrast":"#000",
		"neutralTertiary":"#b7b7b7",
		"neutralTertiaryAlt":"#c8c8c8",
		"neutralTertiaryAlt2":"#eaeaea",
		"neutralTertiaryAlt3":"#fff",
		"neutralTertiaryContrast":"#222",
		"danger":"#bb2124",
		"success":"#2b3",
		"warning":"#f0ad4e",
		"info":"#5bc0de",
		"dangerContrast":"#fff",
		"successContrast":"#fff",
		"warningContrast":"#fff",
		"infoContrast":"#fff",
		"kpiGood":"#67b212",
		"kpiBad":"#c31016",
		"kpiNeutral":"#d2ae05",
		"kpiNone":"#2c2c2c",
		"kpiGoodContrast":"#fff",
		"kpiBadContrast":"#fff",
		"kpiNeutralContrast":"#fff",
		"kpiNoneContrast":"#fff"
	},
	"theme":{
		"dataPoints":[
			"#6ebc19",
			"#f6b100",
			"#8a623d",
			"#82bfd1",
			"#408501",
			"#c3a882",
			"#c2622d",
			"#2d8890",
			"#6d8c53",
			"#61421f",
			"#b9aa24",
			"#808080"
		],

		"good":"#67b212",
		"bad":"#c31016",
		"neutral":"#d2ae05",
		"none":"#2c2c2c",

		"background":"#538012",
		"foreground":"#fff",
		"mapBase":"#90db28",
		"panelBackground":"#1e2b0a",
		"panelForeground":"#fff",
		"panelAccent":"#6ebc19",
		"tableAccent":"#6ebc19",

		"altBackground":"#fff",
		"altForeground":"#222",
		"altMapBase":"#408501",
		"altPanelBackground":"#ececec",
		"altPanelForeground":"#fff",
		"altPanelAccent":"#6ebc19",
		"altTableAccent":"#6ebc19"
	}
}