{
  "version": "1.0",
  "defaultProvider": "cdnjs",
  "libraries": [
    {
      "provider": "jsdelivr",
      "library": "jquery@3.5.1",
      "destination": "Content/lib/jquery/",
      "files": [
        "LICENSE.txt",
        "dist/jquery.min.js"
      ]
    },
    {
      "provider": "jsdelivr",
      "library": "bootstrap@4.5.2",
      "destination": "Content/lib/bootstrap/",
      "files": [
        "dist/css/bootstrap.min.css",
        "dist/css/bootstrap.min.css.map",
        "dist/js/bootstrap.min.js",
        "dist/js/bootstrap.min.js.map",
        "LICENSE"
      ]
    }
  ]
}